{
  "GPT-4.1 nano": {
    "stability": {
      "mean": 0.1314376310086111,
      "ci_lo": 0.051575919995672515,
      "ci_hi": 0.20978410519970103
    },
    "synchrony": {
      "mean": -0.08260595927701819,
      "ci_lo": -0.14788051546384715,
      "ci_hi": -0.01653930359159709
    },
    "coherence": {
      "mean": -0.014682667683576884,
      "ci_lo": -0.09114099605345566,
      "ci_hi": 0.05396811328025844
    }
  },
  "Claude Sonnet 4": {
    "stability": {
      "mean": 0.16307756735799436,
      "ci_lo": 0.062029378117892976,
      "ci_hi": 0.2691804835852059
    },
    "synchrony": {
      "mean": -0.08296648143078487,
      "ci_lo": -0.13624331301230216,
      "ci_hi": -0.029692575725773048
    },
    "coherence": {
      "mean": 0.020649259586125783,
      "ci_lo": -0.03594426010460962,
      "ci_hi": 0.07964091168126763
    }
  }
}